run_id,pick_id,game_id,date,team,opp,home,spread_team,total,player,prop_type,line,odds,implied_prob,model_prob,edge,ev,decision,kelly,units,stake_1u,team_total,usage_index,result,side,over_prob,opp_allow
2025-12-26 13:47:25,BAL@GB_2025|Derrick Henry|rush_yds|72.5|OVER,BAL@GB_2025,2025-12-27,BAL,GB,0,-4.5,40.5,Derrick Henry,rush_yds,72.5,-114,0.5327102803738317,NA,0.09426635294117648,0.1769561362229101,BET,0.05043249882352937,2,114,22.5,20,NA,OVER,0.6269766333150082,121
2026-01-14 14:05:05,BAL@GB_2025|Derrick Henry|rush_yds|72.5|OVER,BAL@GB_2025,2025-12-27,BAL,GB,0,-4.5,40.5,Derrick Henry,rush_yds,72.5,-114,0.5327102803738317,NA,0.09426635294117648,0.1769561362229101,BET,0.05043249882352937,2,114,22.5,20,NA,OVER,0.6269766333150082,121
2025-12-26 13:47:25,BAL@GB_2025|Jordan Love|pass_yds|222.5|OVER,BAL@GB_2025,2025-12-27,GB,BAL,1,4.5,40.5,Jordan Love,pass_yds,222.5,-118,0.5412844036697247,NA,0.00463105882352943,0.00855568494516445,PASS,0.00252392705882351,0,118,18,33.44,NA,OVER,0.5459154624932542,210
2026-01-14 14:05:05,BAL@GB_2025|Jordan Love|pass_yds|222.5|OVER,BAL@GB_2025,2025-12-27,GB,BAL,1,4.5,40.5,Jordan Love,pass_yds,222.5,-118,0.5412844036697247,NA,0.00463105882352943,0.00855568494516445,PASS,0.00252392705882351,0,118,18,33.44,NA,OVER,0.5459154624932542,210
2025-12-26 13:47:25,BAL@GB_2025|Josh Jacobs|rush_yds|50.5|OVER,BAL@GB_2025,2025-12-27,GB,BAL,1,4.5,40.5,Josh Jacobs,rush_yds,50.5,-118,0.5412844036697247,NA,0.1131903529411764,0.2091143808574275,BET,0.06168874235294112,2,118,18,16.68,NA,OVER,0.6544747566109012,98
2026-01-14 14:05:05,BAL@GB_2025|Josh Jacobs|rush_yds|50.5|OVER,BAL@GB_2025,2025-12-27,GB,BAL,1,4.5,40.5,Josh Jacobs,rush_yds,50.5,-118,0.5412844036697247,NA,0.1131903529411764,0.2091143808574275,BET,0.06168874235294112,2,118,18,16.68,NA,OVER,0.6544747566109012,98
2025-12-26 13:47:25,BAL@GB_2025|Mark Andrews|rec_yds|23.5|OVER,BAL@GB_2025,2025-12-27,BAL,GB,0,-4.5,40.5,Mark Andrews,rec_yds,23.5,-118,0.5412844036697247,NA,-0.0689588235294118,-0.12739850448654044,PASS,0,0,118,22.5,5.720000000000001,NA,OVER,0.47232558014031295,248
2026-01-14 14:05:05,BAL@GB_2025|Mark Andrews|rec_yds|23.5|OVER,BAL@GB_2025,2025-12-27,BAL,GB,0,-4.5,40.5,Mark Andrews,rec_yds,23.5,-118,0.5412844036697247,NA,-0.0689588235294118,-0.12739850448654044,PASS,0,0,118,22.5,5.720000000000001,NA,OVER,0.47232558014031295,248
2025-12-26 13:47:25,BAL@GB_2025|Tyler Huntley|pass_yds|164.5|OVER,BAL@GB_2025,2025-12-27,BAL,GB,0,-4.5,40.5,Tyler Huntley,pass_yds,164.5,-115,0.5348837209302325,NA,-0.01501294117647056,-0.02806767263427118,PASS,0,0,115,22.5,27.32,NA,OVER,0.519870779753762,231
2026-01-14 14:05:05,BAL@GB_2025|Tyler Huntley|pass_yds|164.5|OVER,BAL@GB_2025,2025-12-27,BAL,GB,0,-4.5,40.5,Tyler Huntley,pass_yds,164.5,-115,0.5348837209302325,NA,-0.01501294117647056,-0.02806767263427118,PASS,0,0,115,22.5,27.32,NA,OVER,0.519870779753762,231
2025-12-26 13:47:25,BAL@GB_2025|Zay Flowers|rec_yds|47.5|OVER,BAL@GB_2025,2025-12-27,BAL,GB,0,-4.5,40.5,Zay Flowers,rec_yds,47.5,-118,0.5412844036697247,NA,-0.06511882352941173,-0.1203042671984047,PASS,0,0,118,22.5,8.280000000000001,NA,OVER,0.476165580140313,248
2026-01-14 14:05:05,BAL@GB_2025|Zay Flowers|rec_yds|47.5|OVER,BAL@GB_2025,2025-12-27,BAL,GB,0,-4.5,40.5,Zay Flowers,rec_yds,47.5,-118,0.5412844036697247,NA,-0.06511882352941173,-0.1203042671984047,PASS,0,0,118,22.5,8.280000000000001,NA,OVER,0.476165580140313,248
2026-01-16 14:03:19,BUF@DEN_2026-01-17|Bo Nix|rush_yds|25.5|OVER,BUF@DEN_2026-01-17,2026-01-17,DEN,BUF,1,-1.5,46,Bo Nix,rush_yds,25.5,-124,0.5535714285714286,NA,0.0819951176470588,0.1481202125237191,PASS,0.04591726588235292,0,124,23.75,4.84,NA,OVER,0.6355665462184874,112
2026-01-16 14:06:52,BUF@DEN_2026-01-17|Bo Nix|rush_yds|25.5|OVER,BUF@DEN_2026-01-17,2026-01-17,DEN,BUF,1,-1.5,46,Bo Nix,rush_yds,25.5,-124,0.5535714285714286,NA,0.0819951176470588,0.1481202125237191,PASS,0.045917265882352926,0,124,23.75,4.84,NA,OVER,0.6355665462184874,112
2026-01-16 14:03:19,BUF@DEN_2026-01-17|Courtland Sutton|rec_yds|56.5|OVER,BUF@DEN_2026-01-17,2026-01-17,DEN,BUF,1,-1.5,46,Courtland Sutton,rec_yds,56.5,-114,0.5327102803738317,NA,-0.04964132352941175,-0.09318634416924676,PASS,0,0,114,23.75,8.54,NA,OVER,0.48306895684442003,236
2026-01-16 14:06:52,BUF@DEN_2026-01-17|Courtland Sutton|rec_yds|56.5|OVER,BUF@DEN_2026-01-17,2026-01-17,DEN,BUF,1,-1.5,46,Courtland Sutton,rec_yds,56.5,-114,0.5327102803738317,NA,-0.04964132352941175,-0.09318634416924676,PASS,0,0,114,23.75,8.54,NA,OVER,0.48306895684441997,236
2026-01-16 14:03:19,BUF@DEN_2026-01-17|Dalton Kincaid|rec_yds|35.5|OVER,BUF@DEN_2026-01-17,2026-01-17,BUF,DEN,0,1.5,46,Dalton Kincaid,rec_yds,35.5,-122,0.5495495495495496,NA,-0.05917132352941173,-0.10767240838958514,PASS,0,0,122,22.25,6.42,NA,OVER,0.49037822602013786,241
2026-01-16 14:06:52,BUF@DEN_2026-01-17|Dalton Kincaid|rec_yds|35.5|OVER,BUF@DEN_2026-01-17,2026-01-17,BUF,DEN,0,1.5,46,Dalton Kincaid,rec_yds,35.5,-122,0.5495495495495496,NA,-0.059171323529411735,-0.10767240838958514,PASS,0,0,122,22.25,6.42,NA,OVER,0.49037822602013786,241
2026-01-16 14:03:19,BUF@DEN_2026-01-17|Jaleel McLaughlin|rush_yds|21.5|OVER,BUF@DEN_2026-01-17,2026-01-17,DEN,BUF,1,-1.5,46,Jaleel McLaughlin,rush_yds,21.5,-114,0.5327102803738317,NA,0.08491111764705872,0.15939455417956627,PASS,0.04542744794117639,0,114,23.75,6.459999999999999,NA,OVER,0.6176213980208904,112
2026-01-16 14:06:52,BUF@DEN_2026-01-17|Jaleel McLaughlin|rush_yds|21.5|OVER,BUF@DEN_2026-01-17,2026-01-17,DEN,BUF,1,-1.5,46,Jaleel McLaughlin,rush_yds,21.5,-114,0.5327102803738317,NA,0.08491111764705872,0.15939455417956627,PASS,0.04542744794117639,0,114,23.75,6.459999999999999,NA,OVER,0.6176213980208904,112
2026-01-16 14:03:19,BUF@DEN_2026-01-17|James Cook|rec_yds|15.5|OVER,BUF@DEN_2026-01-17,2026-01-17,BUF,DEN,0,1.5,46,James Cook,rec_yds,15.5,-109,0.5215311004784688,NA,-0.06313132352941181,-0.1210499689692392,PASS,0,0,109,22.25,3.78,NA,OVER,0.45839977694905704,241
2026-01-16 14:06:52,BUF@DEN_2026-01-17|James Cook|rec_yds|15.5|OVER,BUF@DEN_2026-01-17,2026-01-17,BUF,DEN,0,1.5,46,James Cook,rec_yds,15.5,-109,0.5215311004784688,NA,-0.06313132352941181,-0.1210499689692392,PASS,0,0,109,22.25,3.7800000000000002,NA,OVER,0.45839977694905704,241
2026-01-16 14:03:19,BUF@DEN_2026-01-17|James Cook|rush_yds|76.5|OVER,BUF@DEN_2026-01-17,2026-01-17,BUF,DEN,0,1.5,46,James Cook,rush_yds,76.5,-107,0.5169082125603864,NA,0.09315511764705876,0.1802159752611323,BET,0.04820777338235289,2,107,22.25,15.54,NA,OVER,0.6100633302074452,118
2026-01-16 14:06:52,BUF@DEN_2026-01-17|James Cook|rush_yds|76.5|OVER,BUF@DEN_2026-01-17,2026-01-17,BUF,DEN,0,1.5,46,James Cook,rush_yds,76.5,-107,0.5169082125603864,NA,0.09315511764705875,0.1802159752611323,BET,0.048207773382352895,2,107,22.25,15.54,NA,OVER,0.6100633302074452,118
2026-01-16 14:03:19,BUF@DEN_2026-01-17|Josh Allen|rush_yds|36.5|OVER,BUF@DEN_2026-01-17,2026-01-17,BUF,DEN,0,1.5,46,Josh Allen,rush_yds,36.5,-112,0.5283018867924528,NA,0.07929511764705877,0.15009432983193272,PASS,0.04202641235294116,0,112,22.25,7.84,NA,OVER,0.6075970044395116,118
2026-01-16 14:06:52,BUF@DEN_2026-01-17|Josh Allen|rush_yds|36.5|OVER,BUF@DEN_2026-01-17,2026-01-17,BUF,DEN,0,1.5,46,Josh Allen,rush_yds,36.5,-112,0.5283018867924528,NA,0.07929511764705877,0.15009432983193272,PASS,0.04202641235294116,0,112,22.25,7.84,NA,OVER,0.6075970044395116,118
2026-01-16 14:03:19,BUF@DEN_2026-01-17|Khalil Shakir|rec_yds|53.5|OVER,BUF@DEN_2026-01-17,2026-01-17,BUF,DEN,0,1.5,46,Khalil Shakir,rec_yds,53.5,-114,0.5327102803738317,NA,-0.05722132352941173,-0.1074154669762642,PASS,0,0,114,22.25,7.72,NA,OVER,0.47548895684442,241
2026-01-16 14:06:52,BUF@DEN_2026-01-17|Khalil Shakir|rec_yds|53.5|OVER,BUF@DEN_2026-01-17,2026-01-17,BUF,DEN,0,1.5,46,Khalil Shakir,rec_yds,53.5,-114,0.5327102803738317,NA,-0.05722132352941173,-0.1074154669762642,PASS,0,0,114,22.25,7.72,NA,OVER,0.47548895684442,241
2026-01-16 14:03:19,BUF@DEN_2026-01-17|Marvin Mims|rec_yds|13.5|OVER,BUF@DEN_2026-01-17,2026-01-17,DEN,BUF,1,-1.5,46,Marvin Mims,rec_yds,13.5,-117,0.5391705069124424,NA,-0.05612132352941179,-0.10408826671694328,PASS,0,0,117,23.75,4.22,NA,OVER,0.4830491833830306,236
2026-01-16 14:06:52,BUF@DEN_2026-01-17|Marvin Mims|rec_yds|13.5|OVER,BUF@DEN_2026-01-17,2026-01-17,DEN,BUF,1,-1.5,46,Marvin Mims,rec_yds,13.5,-117,0.5391705069124424,NA,-0.05612132352941179,-0.10408826671694327,PASS,0,0,117,23.75,4.22,NA,OVER,0.4830491833830306,236
2026-01-16 14:03:19,BUF@DEN_2026-01-17|RJ Harvey|rush_yds|55.5|OVER,BUF@DEN_2026-01-17,2026-01-17,DEN,BUF,1,-1.5,46,RJ Harvey,rush_yds,55.5,-114,0.5327102803738317,NA,0.09625111764705874,0.18068192260061888,BET,0.05149434794117638,2,114,23.75,12.760000000000002,NA,OVER,0.6289613980208905,112
2026-01-16 14:06:52,BUF@DEN_2026-01-17|RJ Harvey|rush_yds|55.5|OVER,BUF@DEN_2026-01-17,2026-01-17,DEN,BUF,1,-1.5,46,RJ Harvey,rush_yds,55.5,-114,0.5327102803738317,NA,0.09625111764705874,0.18068192260061888,BET,0.05149434794117638,2,114,23.75,12.760000000000002,NA,OVER,0.6289613980208905,112
2026-01-16 14:03:19,BUF@DEN_2026-01-17|Troy Franklin|rec_yds|20.5|OVER,BUF@DEN_2026-01-17,2026-01-17,DEN,BUF,1,-1.5,46,Troy Franklin,rec_yds,20.5,-124,0.5535714285714286,NA,-0.05552132352941175,-0.10029658444022764,PASS,0,0,124,23.75,4.62,NA,OVER,0.49805010504201686,236
2026-01-16 14:06:52,BUF@DEN_2026-01-17|Troy Franklin|rec_yds|20.5|OVER,BUF@DEN_2026-01-17,2026-01-17,DEN,BUF,1,-1.5,46,Troy Franklin,rec_yds,20.5,-124,0.5535714285714286,NA,-0.05552132352941175,-0.10029658444022765,PASS,0,0,124,23.75,4.62,NA,OVER,0.49805010504201686,236
2025-12-26 13:47:25,HOU@LAC_2025|CJ Stroud|pass_yds|222.5|OVER,HOU@LAC_2025,2025-12-27,HOU,LAC,0,1.5,39.5,CJ Stroud,pass_yds,222.5,-114,0.5327102803738317,NA,-0.01408094117647063,-0.0264326439628485,PASS,0,0,114,19,35.68,NA,OVER,0.5186293391973611,238
2026-01-14 14:05:05,HOU@LAC_2025|CJ Stroud|pass_yds|222.5|OVER,HOU@LAC_2025,2025-12-27,HOU,LAC,0,1.5,39.5,CJ Stroud,pass_yds,222.5,-114,0.5327102803738317,NA,-0.01408094117647063,-0.0264326439628485,PASS,0,0,114,19,35.68,NA,OVER,0.5186293391973611,238
2025-12-26 13:47:25,HOU@LAC_2025|CJ Stroud|rush_yds|11.5|OVER,HOU@LAC_2025,2025-12-27,HOU,LAC,0,1.5,39.5,CJ Stroud,rush_yds,11.5,-113,0.5305164319248826,NA,0.1805823529411764,0.34038974492451846,PASS,0.09616010294117644,0,113,19,3.12,NA,OVER,0.711098784866059,22
2026-01-14 14:05:05,HOU@LAC_2025|CJ Stroud|rush_yds|11.5|OVER,HOU@LAC_2025,2025-12-27,HOU,LAC,0,1.5,39.5,CJ Stroud,rush_yds,11.5,-113,0.5305164319248826,NA,0.1805823529411764,0.34038974492451846,PASS,0.09616010294117644,0,113,19,3.12,NA,OVER,0.711098784866059,22
2025-12-26 13:47:25,HOU@LAC_2025|Christian Kirk|rec_yds|15.5|OVER,HOU@LAC_2025,2025-12-27,HOU,LAC,0,1.5,39.5,Christian Kirk,rec_yds,15.5,-114,0.5327102803738317,NA,-0.07785882352941176,-0.1461560371517029,PASS,0,0,114,19,3.22,NA,OVER,0.45485145684442,250
2026-01-14 14:05:05,HOU@LAC_2025|Christian Kirk|rec_yds|15.5|OVER,HOU@LAC_2025,2025-12-27,HOU,LAC,0,1.5,39.5,Christian Kirk,rec_yds,15.5,-114,0.5327102803738317,NA,-0.07785882352941176,-0.1461560371517029,PASS,0,0,114,19,3.22,NA,OVER,0.45485145684442,250
2025-12-26 13:47:25,HOU@LAC_2025|Dalton Schultz|rec_yds|43.5|OVER,HOU@LAC_2025,2025-12-27,HOU,LAC,0,1.5,39.5,Dalton Schultz,rec_yds,43.5,-114,0.5327102803738317,NA,-0.07326882352941178,-0.13753972136222925,PASS,0,0,114,19,6.279999999999999,NA,OVER,0.4594414568444199,250
2026-01-14 14:05:05,HOU@LAC_2025|Dalton Schultz|rec_yds|43.5|OVER,HOU@LAC_2025,2025-12-27,HOU,LAC,0,1.5,39.5,Dalton Schultz,rec_yds,43.5,-114,0.5327102803738317,NA,-0.07326882352941178,-0.13753972136222925,PASS,0,0,114,19,6.279999999999999,NA,OVER,0.4594414568444199,250
2025-12-26 13:47:25,HOU@LAC_2025|Justin Herbert|pass_yds|209.5|OVER,HOU@LAC_2025,2025-12-27,LAC,HOU,1,-1.5,39.5,Justin Herbert,pass_yds,209.5,-114,0.5327102803738317,NA,-0.00186894117647062,-0.0035083632610941,PASS,0,0,114,20.5,33.940000000000005,NA,OVER,0.5308413391973611,222
2026-01-14 14:05:05,HOU@LAC_2025|Justin Herbert|pass_yds|209.5|OVER,HOU@LAC_2025,2025-12-27,LAC,HOU,1,-1.5,39.5,Justin Herbert,pass_yds,209.5,-114,0.5327102803738317,NA,-0.00186894117647062,-0.0035083632610941,PASS,0,0,114,20.5,33.940000000000005,NA,OVER,0.5308413391973611,222
2025-12-26 13:47:25,HOU@LAC_2025|Justin Herbert|rush_yds|23.5|OVER,HOU@LAC_2025,2025-12-27,LAC,HOU,1,-1.5,39.5,Justin Herbert,rush_yds,23.5,-115,0.5348837209302325,NA,0.17905835294117645,0.33476126854219934,PASS,0.09624386470588232,0,115,20.5,4.4399999999999995,NA,OVER,0.713942073871409,26
2026-01-14 14:05:05,HOU@LAC_2025|Justin Herbert|rush_yds|23.5|OVER,HOU@LAC_2025,2025-12-27,LAC,HOU,1,-1.5,39.5,Justin Herbert,rush_yds,23.5,-115,0.5348837209302325,NA,0.17905835294117645,0.33476126854219934,PASS,0.09624386470588232,0,115,20.5,4.4399999999999995,NA,OVER,0.713942073871409,26
2025-12-26 13:47:25,HOU@LAC_2025|Keenan Allen|rec_yds|36.5|OVER,HOU@LAC_2025,2025-12-27,LAC,HOU,1,-1.5,39.5,Keenan Allen,rec_yds,36.5,-114,0.5327102803738317,NA,-0.05466882352941177,-0.10262393188854496,PASS,0,0,114,20.5,7.78,NA,OVER,0.4780414568444199,235
2026-01-14 14:05:05,HOU@LAC_2025|Keenan Allen|rec_yds|36.5|OVER,HOU@LAC_2025,2025-12-27,LAC,HOU,1,-1.5,39.5,Keenan Allen,rec_yds,36.5,-114,0.5327102803738317,NA,-0.05466882352941177,-0.10262393188854496,PASS,0,0,114,20.5,7.78,NA,OVER,0.4780414568444199,235
2025-12-26 13:47:25,HOU@LAC_2025|Ladd McConkey|rec_yds|40.5|OVER,HOU@LAC_2025,2025-12-27,LAC,HOU,1,-1.5,39.5,Ladd McConkey,rec_yds,40.5,-114,0.5327102803738317,NA,-0.05631882352941181,-0.1057213003095978,PASS,0,0,114,20.5,6.68,NA,OVER,0.4763914568444199,235
2026-01-14 14:05:05,HOU@LAC_2025|Ladd McConkey|rec_yds|40.5|OVER,HOU@LAC_2025,2025-12-27,LAC,HOU,1,-1.5,39.5,Ladd McConkey,rec_yds,40.5,-114,0.5327102803738317,NA,-0.05631882352941181,-0.1057213003095978,PASS,0,0,114,20.5,6.68,NA,OVER,0.4763914568444199,235
2025-12-26 13:47:25,HOU@LAC_2025|Nico Collins|rec_yds|63.5|OVER,HOU@LAC_2025,2025-12-27,HOU,LAC,0,1.5,39.5,Nico Collins,rec_yds,63.5,-114,0.5327102803738317,NA,-0.06960882352941178,-0.13066919504643976,PASS,0,0,114,19,8.719999999999999,NA,OVER,0.46310145684441995,250
2026-01-14 14:05:05,HOU@LAC_2025|Nico Collins|rec_yds|63.5|OVER,HOU@LAC_2025,2025-12-27,HOU,LAC,0,1.5,39.5,Nico Collins,rec_yds,63.5,-114,0.5327102803738317,NA,-0.06960882352941178,-0.13066919504643976,PASS,0,0,114,19,8.719999999999999,NA,OVER,0.46310145684441995,250
2025-12-26 13:47:25,HOU@LAC_2025|Omarion Hampton|rush_yds|61.5|OVER,HOU@LAC_2025,2025-12-27,LAC,HOU,1,-1.5,39.5,Omarion Hampton,rush_yds,61.5,-114,0.5327102803738317,NA,0.10139435294117648,0.1903367678018575,BET,0.05424597882352938,2,114,20.5,13.96,NA,OVER,0.6341046333150082,105
2026-01-14 14:05:05,HOU@LAC_2025|Omarion Hampton|rush_yds|61.5|OVER,HOU@LAC_2025,2025-12-27,LAC,HOU,1,-1.5,39.5,Omarion Hampton,rush_yds,61.5,-114,0.5327102803738317,NA,0.10139435294117648,0.1903367678018575,BET,0.05424597882352938,2,114,20.5,13.96,NA,OVER,0.6341046333150082,105
2025-12-26 13:47:25,HOU@LAC_2025|Quentin Johnston|rec_yds|32.5|OVER,HOU@LAC_2025,2025-12-27,LAC,HOU,1,-1.5,39.5,Quentin Johnston,rec_yds,32.5,-114,0.5327102803738317,NA,-0.0584188235294118,-0.10966340557275568,PASS,0,0,114,20.5,5.28,NA,OVER,0.4742914568444199,235
2026-01-14 14:05:05,HOU@LAC_2025|Quentin Johnston|rec_yds|32.5|OVER,HOU@LAC_2025,2025-12-27,LAC,HOU,1,-1.5,39.5,Quentin Johnston,rec_yds,32.5,-114,0.5327102803738317,NA,-0.0584188235294118,-0.10966340557275568,PASS,0,0,114,20.5,5.28,NA,OVER,0.4742914568444199,235
2026-01-16 14:03:19,HOU@NE_2026-01-18|CJ Stroud|rush_yds|10.5|OVER,HOU@NE_2026-01-18,2026-01-18,HOU,NE,0,3,40.5,CJ Stroud,rush_yds,10.5,-130,0.5652173913043478,NA,0.0863271176470588,0.15273259276018092,PASS,0.0496380926470588,0,130,18.75,3.58,NA,OVER,0.6515445089514066,104
2026-01-16 14:06:52,HOU@NE_2026-01-18|CJ Stroud|rush_yds|10.5|OVER,HOU@NE_2026-01-18,2026-01-18,HOU,NE,0,3,40.5,CJ Stroud,rush_yds,10.5,-130,0.5652173913043478,NA,0.0863271176470588,0.15273259276018092,PASS,0.0496380926470588,0,130,18.75,3.58,NA,OVER,0.6515445089514066,104
2026-01-16 14:03:19,HOU@NE_2026-01-18|Christian Kirk|rec_yds|38.5|OVER,HOU@NE_2026-01-18,2026-01-18,HOU,NE,0,3,40.5,Christian Kirk,rec_yds,38.5,-115,0.5348837209302325,NA,-0.06212132352941174,-0.11613986572890028,PASS,0,0,115,18.75,7.22,NA,OVER,0.4727623974008208,242
2026-01-16 14:06:52,HOU@NE_2026-01-18|Christian Kirk|rec_yds|38.5|OVER,HOU@NE_2026-01-18,2026-01-18,HOU,NE,0,3,40.5,Christian Kirk,rec_yds,38.5,-115,0.5348837209302325,NA,-0.06212132352941174,-0.11613986572890028,PASS,0,0,115,18.75,7.22,NA,OVER,0.47276239740082077,242
2026-01-16 14:03:19,HOU@NE_2026-01-18|Dalton Schultz|rec_yds|45.5|OVER,HOU@NE_2026-01-18,2026-01-18,HOU,NE,0,3,40.5,Dalton Schultz,rec_yds,45.5,-114,0.5327102803738317,NA,-0.06383132352941173,-0.11982371259029928,PASS,0,0,114,18.75,6.08,NA,OVER,0.46887895684442,242
2026-01-16 14:06:52,HOU@NE_2026-01-18|Dalton Schultz|rec_yds|45.5|OVER,HOU@NE_2026-01-18,2026-01-18,HOU,NE,0,3,40.5,Dalton Schultz,rec_yds,45.5,-114,0.5327102803738317,NA,-0.06383132352941173,-0.11982371259029928,PASS,0,0,114,18.75,6.08,NA,OVER,0.46887895684442,242
2026-01-16 14:03:19,HOU@NE_2026-01-18|Demario Douglas|rec_yds|18.5|OVER,HOU@NE_2026-01-18,2026-01-18,NE,HOU,1,-3,40.5,Demario Douglas,rec_yds,18.5,-118,0.5412844036697247,NA,-0.06698132352941177,-0.12374515702891337,PASS,0,0,118,21.75,6.18,NA,OVER,0.47430308014031297,248
2026-01-16 14:06:52,HOU@NE_2026-01-18|Demario Douglas|rec_yds|18.5|OVER,HOU@NE_2026-01-18,2026-01-18,NE,HOU,1,-3,40.5,Demario Douglas,rec_yds,18.5,-118,0.5412844036697247,NA,-0.06698132352941177,-0.12374515702891337,PASS,0,0,118,21.75,6.18,NA,OVER,0.47430308014031297,248
2026-01-16 14:03:19,HOU@NE_2026-01-18|Drake Maye|rush_yds|35.5|OVER,HOU@NE_2026-01-18,2026-01-18,NE,HOU,1,-3,40.5,Drake Maye,rush_yds,35.5,-121,0.5475113122171946,NA,0.08860711764705886,0.16183614049586792,PASS,0.04895543250000004,0,121,21.75,7.18,NA,OVER,0.6361184298642535,109
2026-01-16 14:06:52,HOU@NE_2026-01-18|Drake Maye|rush_yds|35.5|OVER,HOU@NE_2026-01-18,2026-01-18,NE,HOU,1,-3,40.5,Drake Maye,rush_yds,35.5,-121,0.5475113122171946,NA,0.08860711764705886,0.16183614049586792,PASS,0.04895543250000004,0,121,21.75,7.18,NA,OVER,0.6361184298642535,109
2026-01-16 14:03:19,HOU@NE_2026-01-18|Hunter Henry|rec_yds|37.5|OVER,HOU@NE_2026-01-18,2026-01-18,NE,HOU,1,-3,40.5,Hunter Henry,rec_yds,37.5,-114,0.5327102803738317,NA,-0.06758132352941182,-0.12686318627451004,PASS,0,0,114,21.75,5.78,NA,OVER,0.4651289568444199,248
2026-01-16 14:06:52,HOU@NE_2026-01-18|Hunter Henry|rec_yds|37.5|OVER,HOU@NE_2026-01-18,2026-01-18,NE,HOU,1,-3,40.5,Hunter Henry,rec_yds,37.5,-114,0.5327102803738317,NA,-0.06758132352941182,-0.12686318627451004,PASS,0,0,114,21.75,5.78,NA,OVER,0.4651289568444199,248
2026-01-16 14:03:19,HOU@NE_2026-01-18|Rhamondre Stevenson|rush_yds|39.5|OVER,HOU@NE_2026-01-18,2026-01-18,NE,HOU,1,-3,40.5,Rhamondre Stevenson,rush_yds,39.5,-114,0.5327102803738317,NA,0.1043031176470588,0.19579708049535585,BET,0.05580216794117641,2,114,21.75,15.9,NA,OVER,0.6370133980208905,109
2026-01-16 14:06:52,HOU@NE_2026-01-18|Rhamondre Stevenson|rush_yds|39.5|OVER,HOU@NE_2026-01-18,2026-01-18,NE,HOU,1,-3,40.5,Rhamondre Stevenson,rush_yds,39.5,-114,0.5327102803738317,NA,0.1043031176470588,0.19579708049535582,BET,0.055802167941176414,2,114,21.75,15.9,NA,OVER,0.6370133980208905,109
2026-01-16 14:03:19,HOU@NE_2026-01-18|Stefon Diggs|rec_yds|49.5|OVER,HOU@NE_2026-01-18,2026-01-18,NE,HOU,1,-3,40.5,Stefon Diggs,rec_yds,49.5,-106,0.5145631067961165,NA,-0.06248132352941182,-0.12142596836847958,PASS,0,0,106,21.75,9.18,NA,OVER,0.4520817832667047,248
2026-01-16 14:06:52,HOU@NE_2026-01-18|Stefon Diggs|rec_yds|49.5|OVER,HOU@NE_2026-01-18,2026-01-18,NE,HOU,1,-3,40.5,Stefon Diggs,rec_yds,49.5,-106,0.5145631067961165,NA,-0.062481323529411825,-0.12142596836847958,PASS,0,0,106,21.75,9.18,NA,OVER,0.4520817832667047,248
2026-01-16 14:03:19,LAR@CHI_2026-01-18|Caleb Williams|rush_yds|19.5|OVER,LAR@CHI_2026-01-18,2026-01-18,CHI,LAR,1,3.5,48.5,Caleb Williams,rush_yds,19.5,-121,0.5475113122171946,NA,0.0723891176470588,0.1322148347107439,PASS,0.03999498750000003,0,121,22.5,5.92,NA,OVER,0.6199004298642534,121
2026-01-16 14:06:52,LAR@CHI_2026-01-18|Caleb Williams|rush_yds|19.5|OVER,LAR@CHI_2026-01-18,2026-01-18,CHI,LAR,1,3.5,48.5,Caleb Williams,rush_yds,19.5,-121,0.5475113122171946,NA,0.0723891176470588,0.1322148347107439,PASS,0.03999498750000003,0,121,22.5,5.92,NA,OVER,0.6199004298642534,121
2026-01-16 14:03:19,LAR@CHI_2026-01-18|Colby Parkinson|rec_yds|19.5|OVER,LAR@CHI_2026-01-18,2026-01-18,LAR,CHI,0,-3.5,48.5,Colby Parkinson,rec_yds,19.5,-114,0.5327102803738317,NA,-0.06249632352941176,-0.11731765995872052,PASS,0,0,114,26,4.62,NA,OVER,0.47021395684442,245
2026-01-16 14:06:52,LAR@CHI_2026-01-18|Colby Parkinson|rec_yds|19.5|OVER,LAR@CHI_2026-01-18,2026-01-18,LAR,CHI,0,-3.5,48.5,Colby Parkinson,rec_yds,19.5,-114,0.5327102803738317,NA,-0.06249632352941176,-0.11731765995872051,PASS,0,0,114,26,4.62,NA,OVER,0.47021395684441997,245
2026-01-16 14:03:19,LAR@CHI_2026-01-18|Colston Loveland|rec_yds|56.5|OVER,LAR@CHI_2026-01-18,2026-01-18,CHI,LAR,1,3.5,48.5,Colston Loveland,rec_yds,56.5,-114,0.5327102803738317,NA,-0.05624632352941178,-0.10558520381836956,PASS,0,0,114,22.5,6.22,NA,OVER,0.47646395684441994,238
2026-01-16 14:06:52,LAR@CHI_2026-01-18|Colston Loveland|rec_yds|56.5|OVER,LAR@CHI_2026-01-18,2026-01-18,CHI,LAR,1,3.5,48.5,Colston Loveland,rec_yds,56.5,-114,0.5327102803738317,NA,-0.05624632352941178,-0.10558520381836956,PASS,0,0,114,22.5,6.22,NA,OVER,0.47646395684441994,238
2026-01-16 14:03:19,LAR@CHI_2026-01-18|D'Andre Swift|rush_yds|54.5|OVER,LAR@CHI_2026-01-18,2026-01-18,CHI,LAR,1,3.5,48.5,D'Andre Swift,rush_yds,54.5,-121,0.5475113122171946,NA,0.08790511764705888,0.16055397520661174,BET,0.04856757750000005,2,121,22.5,14.54,NA,OVER,0.6354164298642535,121
2026-01-16 14:06:52,LAR@CHI_2026-01-18|D'Andre Swift|rush_yds|54.5|OVER,LAR@CHI_2026-01-18,2026-01-18,CHI,LAR,1,3.5,48.5,D'Andre Swift,rush_yds,54.5,-121,0.5475113122171946,NA,0.08790511764705888,0.16055397520661174,BET,0.04856757750000005,2,121,22.5,14.54,NA,OVER,0.6354164298642535,121
2026-01-16 14:03:19,LAR@CHI_2026-01-18|DJ Moore|rec_yds|27.5|OVER,LAR@CHI_2026-01-18,2026-01-18,CHI,LAR,1,3.5,48.5,DJ Moore,rec_yds,27.5,-114,0.5327102803738317,NA,-0.05420632352941174,-0.10175573013415896,PASS,0,0,114,22.5,7.58,NA,OVER,0.47850395684442,238
2026-01-16 14:06:52,LAR@CHI_2026-01-18|DJ Moore|rec_yds|27.5|OVER,LAR@CHI_2026-01-18,2026-01-18,CHI,LAR,1,3.5,48.5,DJ Moore,rec_yds,27.5,-114,0.5327102803738317,NA,-0.05420632352941174,-0.10175573013415895,PASS,0,0,114,22.5,7.58,NA,OVER,0.47850395684442,238
2026-01-16 14:03:19,LAR@CHI_2026-01-18|Davante Adams|rec_yds|55.5|OVER,LAR@CHI_2026-01-18,2026-01-18,LAR,CHI,0,-3.5,48.5,Davante Adams,rec_yds,55.5,-118,0.5412844036697247,NA,-0.05559632352941174,-0.1027118519441676,PASS,0,0,118,26,9.22,NA,OVER,0.485688080140313,245
2026-01-16 14:06:52,LAR@CHI_2026-01-18|Davante Adams|rec_yds|55.5|OVER,LAR@CHI_2026-01-18,2026-01-18,LAR,CHI,0,-3.5,48.5,Davante Adams,rec_yds,55.5,-118,0.5412844036697247,NA,-0.05559632352941174,-0.1027118519441676,PASS,0,0,118,26,9.22,NA,OVER,0.485688080140313,245
2026-01-16 14:03:19,LAR@CHI_2026-01-18|Kyren Williams|rush_yds|59.5|OVER,LAR@CHI_2026-01-18,2026-01-18,LAR,CHI,0,-3.5,48.5,Kyren Williams,rush_yds,59.5,-115,0.5348837209302325,NA,0.09900511764705888,0.1850965242966752,BET,0.05321525073529413,2,115,26,17.54,NA,OVER,0.6338888385772914,118
2026-01-16 14:06:52,LAR@CHI_2026-01-18|Kyren Williams|rush_yds|59.5|OVER,LAR@CHI_2026-01-18,2026-01-18,LAR,CHI,0,-3.5,48.5,Kyren Williams,rush_yds,59.5,-115,0.5348837209302325,NA,0.09900511764705888,0.18509652429667522,BET,0.05321525073529413,2,115,26,17.54,NA,OVER,0.6338888385772914,118
2025-12-15 16:33:28,MIA@PIT_2025|DK Metcalf|rec_yds|56.5,MIA@PIT_2025,2025-12-15,PIT,MIA,1,-3,42,DK Metcalf,rec_yds,56.5,-114,0.5327102803738317,0.4690282803738317,-0.06368200000000002,-0.11954340350877209,PASS,0,0,114,22.5,7.44,NA,NA,NA,NA
2025-12-26 12:00:15,MIA@PIT_2025|DK Metcalf|rec_yds|56.5|OVER,MIA@PIT_2025,2025-12-15,PIT,MIA,1,-3,42,DK Metcalf,rec_yds,56.5,-114,0.5327102803738317,NA,-0.06368200000000002,-0.11954340350877209,PASS,0,0,114,22.5,7.44,NA,OVER,0.4690282803738317,232
2025-12-26 13:24:18,MIA@PIT_2025|DK Metcalf|rec_yds|56.5|OVER,MIA@PIT_2025,2025-12-15,PIT,MIA,1,-3,42,DK Metcalf,rec_yds,56.5,-114,0.5327102803738317,NA,-0.06368200000000002,-0.11954340350877209,PASS,0,0,114,22.5,7.44,NA,OVER,0.4690282803738317,232
2025-12-15 16:33:28,MIA@PIT_2025|De'Von Achane|rush_yds|84.5,MIA@PIT_2025,2025-12-15,MIA,PIT,0,3,42,De'Von Achane,rush_yds,84.5,-108,0.5192307692307693,0.6073323692307693,0.0881016,0.16967715555555565,BET,0.04581283200000002,2,108,19.5,18.32,NA,NA,NA,NA
2025-12-26 12:00:15,MIA@PIT_2025|De'Von Achane|rush_yds|84.5|OVER,MIA@PIT_2025,2025-12-15,MIA,PIT,0,3,42,De'Von Achane,rush_yds,84.5,-108,0.5192307692307693,NA,0.0881016,0.16967715555555565,BET,0.04581283200000002,2,108,19.5,18.32,NA,OVER,0.6073323692307693,109
2025-12-26 13:24:18,MIA@PIT_2025|De'Von Achane|rush_yds|84.5|OVER,MIA@PIT_2025,2025-12-15,MIA,PIT,0,3,42,De'Von Achane,rush_yds,84.5,-108,0.5192307692307693,NA,0.0881016,0.16967715555555565,BET,0.04581283200000002,2,108,19.5,18.32,NA,OVER,0.6073323692307693,109
2025-12-15 16:33:28,MIA@PIT_2025|Jaylen Waddle|rec_yds|63.5,MIA@PIT_2025,2025-12-15,MIA,PIT,0,3,42,Jaylen Waddle,rec_yds,63.5,-118,0.5412844036697247,0.4658024036697247,-0.07548200000000005,-0.13944979661016965,PASS,0,0,118,19.5,10.04,NA,NA,NA,NA
2025-12-26 12:00:15,MIA@PIT_2025|Jaylen Waddle|rec_yds|63.5|OVER,MIA@PIT_2025,2025-12-15,MIA,PIT,0,3,42,Jaylen Waddle,rec_yds,63.5,-118,0.5412844036697247,NA,-0.07548200000000005,-0.13944979661016965,PASS,0,0,118,19.5,10.04,NA,OVER,0.4658024036697247,245
2025-12-26 13:24:18,MIA@PIT_2025|Jaylen Waddle|rec_yds|63.5|OVER,MIA@PIT_2025,2025-12-15,MIA,PIT,0,3,42,Jaylen Waddle,rec_yds,63.5,-118,0.5412844036697247,NA,-0.07548200000000005,-0.13944979661016965,PASS,0,0,118,19.5,10.04,NA,OVER,0.4658024036697247,245
2025-12-15 16:33:28,MIA@PIT_2025|Jaylen Warren|rush_yds|49.5,MIA@PIT_2025,2025-12-15,PIT,MIA,1,-3,42,Jaylen Warren,rush_yds,49.5,-114,0.5327102803738317,0.6271598803738317,0.09444960000000002,0.1773001263157894,BET,0.05053053599999998,2,114,22.5,12.18,NA,NA,NA,NA
2025-12-26 12:00:15,MIA@PIT_2025|Jaylen Warren|rush_yds|49.5|OVER,MIA@PIT_2025,2025-12-15,PIT,MIA,1,-3,42,Jaylen Warren,rush_yds,49.5,-114,0.5327102803738317,NA,0.09444960000000002,0.1773001263157894,BET,0.05053053599999998,2,114,22.5,12.18,NA,OVER,0.6271598803738317,96
2025-12-26 13:24:18,MIA@PIT_2025|Jaylen Warren|rush_yds|49.5|OVER,MIA@PIT_2025,2025-12-15,PIT,MIA,1,-3,42,Jaylen Warren,rush_yds,49.5,-114,0.5327102803738317,NA,0.09444960000000002,0.1773001263157894,BET,0.05053053599999998,2,114,22.5,12.18,NA,OVER,0.6271598803738317,96
2025-12-15 16:33:28,MIA@PIT_2025|Tua Tagovailoa|pass_yds|195.5,MIA@PIT_2025,2025-12-15,MIA,PIT,0,3,42,Tua Tagovailoa,pass_yds,195.5,-112,0.5283018867924528,0.5174042867924529,-0.01089759999999995,-0.02062759999999991,PASS,0,0,112,19.5,33.56,NA,NA,NA,NA
2025-12-26 12:00:15,MIA@PIT_2025|Tua Tagovailoa|pass_yds|195.5|OVER,MIA@PIT_2025,2025-12-15,MIA,PIT,0,3,42,Tua Tagovailoa,pass_yds,195.5,-112,0.5283018867924528,NA,-0.01089759999999995,-0.02062759999999991,PASS,0,0,112,19.5,33.56,NA,OVER,0.5174042867924529,218
2025-12-26 13:24:18,MIA@PIT_2025|Tua Tagovailoa|pass_yds|195.5|OVER,MIA@PIT_2025,2025-12-15,MIA,PIT,0,3,42,Tua Tagovailoa,pass_yds,195.5,-112,0.5283018867924528,NA,-0.01089759999999995,-0.02062759999999991,PASS,0,0,112,19.5,33.56,NA,OVER,0.5174042867924529,218
2026-01-16 14:03:19,SF@SEA_2026-01-17|Brock Purdy|rush_yds|18.5|OVER,SF@SEA_2026-01-17,2026-01-17,SF,SEA,0,7,45,Brock Purdy,rush_yds,18.5,-114,0.5327102803738317,NA,0.06902911764705888,0.12958097523219814,PASS,0.03693057794117647,0,114,19,3.22,NA,OVER,0.6017393980208906,118
2026-01-16 14:06:52,SF@SEA_2026-01-17|Brock Purdy|rush_yds|18.5|OVER,SF@SEA_2026-01-17,2026-01-17,SF,SEA,0,7,45,Brock Purdy,rush_yds,18.5,-114,0.5327102803738317,NA,0.06902911764705888,0.12958097523219814,PASS,0.03693057794117647,0,114,19,3.2199999999999998,NA,OVER,0.6017393980208906,118
2026-01-16 14:03:19,SF@SEA_2026-01-17|Christian McCaffrey|rec_yds|50.5|OVER,SF@SEA_2026-01-17,2026-01-17,SF,SEA,0,7,45,Christian McCaffrey,rec_yds,50.5,-118,0.5412844036697247,NA,-0.05155632352941169,-0.09524812313060815,PASS,0,0,118,19,6.779999999999999,NA,OVER,0.48972808014031305,231
2026-01-16 14:06:52,SF@SEA_2026-01-17|Christian McCaffrey|rec_yds|50.5|OVER,SF@SEA_2026-01-17,2026-01-17,SF,SEA,0,7,45,Christian McCaffrey,rec_yds,50.5,-118,0.5412844036697247,NA,-0.051556323529411696,-0.09524812313060815,PASS,0,0,118,19,6.779999999999999,NA,OVER,0.48972808014031305,231
2026-01-16 14:03:19,SF@SEA_2026-01-17|Christian McCaffrey|rush_yds|52.5|OVER,SF@SEA_2026-01-17,2026-01-17,SF,SEA,0,7,45,Christian McCaffrey,rush_yds,52.5,-114,0.5327102803738317,NA,0.09379711764705888,0.17607529102167185,BET,0.05018145794117648,2,114,19,16.98,NA,OVER,0.6265073980208906,118
2026-01-16 14:06:52,SF@SEA_2026-01-17|Christian McCaffrey|rush_yds|52.5|OVER,SF@SEA_2026-01-17,2026-01-17,SF,SEA,0,7,45,Christian McCaffrey,rush_yds,52.5,-114,0.5327102803738317,NA,0.09379711764705889,0.17607529102167185,BET,0.05018145794117648,2,114,19,16.98,NA,OVER,0.6265073980208906,118
2026-01-16 14:03:19,SF@SEA_2026-01-17|Cooper Kupp|rec_yds|30.5|OVER,SF@SEA_2026-01-17,2026-01-17,SEA,SF,1,-7,45,Cooper Kupp,rec_yds,30.5,-124,0.5535714285714286,NA,-0.05115632352941168,-0.09241142314990496,PASS,0,0,124,26,6.18,NA,OVER,0.5024151050420169,236
2026-01-16 14:06:52,SF@SEA_2026-01-17|Cooper Kupp|rec_yds|30.5|OVER,SF@SEA_2026-01-17,2026-01-17,SEA,SF,1,-7,45,Cooper Kupp,rec_yds,30.5,-124,0.5535714285714286,NA,-0.051156323529411685,-0.09241142314990497,PASS,0,0,124,26,6.18,NA,OVER,0.5024151050420169,236
2026-01-16 14:03:19,SF@SEA_2026-01-17|Jauan Jennings|rec_yds|40.5|OVER,SF@SEA_2026-01-17,2026-01-17,SF,SEA,0,7,45,Jauan Jennings,rec_yds,40.5,-114,0.5327102803738317,NA,-0.05254632352941174,-0.09863958978328174,PASS,0,0,114,19,6.119999999999999,NA,OVER,0.48016395684442,231
2026-01-16 14:06:52,SF@SEA_2026-01-17|Jauan Jennings|rec_yds|40.5|OVER,SF@SEA_2026-01-17,2026-01-17,SF,SEA,0,7,45,Jauan Jennings,rec_yds,40.5,-114,0.5327102803738317,NA,-0.05254632352941174,-0.09863958978328174,PASS,0,0,114,19,6.119999999999999,NA,OVER,0.48016395684442,231
2026-01-16 14:03:19,SF@SEA_2026-01-17|Jaxon Smith-Njigba|rec_yds|94.5|OVER,SF@SEA_2026-01-17,2026-01-17,SEA,SF,1,-7,45,Jaxon Smith-Njigba,rec_yds,94.5,-114,0.5327102803738317,NA,-0.04605632352941175,-0.0864566073271415,PASS,0,0,114,26,9.58,NA,OVER,0.48665395684442,236
2026-01-16 14:06:52,SF@SEA_2026-01-17|Jaxon Smith-Njigba|rec_yds|94.5|OVER,SF@SEA_2026-01-17,2026-01-17,SEA,SF,1,-7,45,Jaxon Smith-Njigba,rec_yds,94.5,-114,0.5327102803738317,NA,-0.04605632352941175,-0.0864566073271415,PASS,0,0,114,26,9.58,NA,OVER,0.48665395684442,236
2026-01-16 14:03:19,SF@SEA_2026-01-17|Kenneth Walker|rush_yds|59.5|OVER,SF@SEA_2026-01-17,2026-01-17,SEA,SF,1,-7,45,Kenneth Walker,rush_yds,59.5,-125,0.5555555555555556,NA,0.08946511764705889,0.1610372117647061,BET,0.05032412867647065,2,125,26,14.24,NA,OVER,0.6450206732026145,121
2026-01-16 14:06:52,SF@SEA_2026-01-17|Kenneth Walker|rush_yds|59.5|OVER,SF@SEA_2026-01-17,2026-01-17,SEA,SF,1,-7,45,Kenneth Walker,rush_yds,59.5,-125,0.5555555555555556,NA,0.08946511764705889,0.1610372117647061,BET,0.05032412867647065,2,125,26,14.24,NA,OVER,0.6450206732026145,121
2026-01-16 14:03:19,SF@SEA_2026-01-17|Zach Charbonnet|rush_yds|50.5|OVER,SF@SEA_2026-01-17,2026-01-17,SEA,SF,1,-7,45,Zach Charbonnet,rush_yds,50.5,-114,0.5327102803738317,NA,0.08561311764705892,0.16071234365325082,BET,0.04580301794117648,2,114,26,12.1,NA,OVER,0.6183233980208906,121
2026-01-16 14:06:52,SF@SEA_2026-01-17|Zach Charbonnet|rush_yds|50.5|OVER,SF@SEA_2026-01-17,2026-01-17,SEA,SF,1,-7,45,Zach Charbonnet,rush_yds,50.5,-114,0.5327102803738317,NA,0.08561311764705892,0.16071234365325082,BET,0.045803017941176485,2,114,26,12.100000000000001,NA,OVER,0.6183233980208906,121
