pick_id,game_id,date,team,opp,home,spread_team,total,player,prop_type,side,line,odds,implied_prob,over_prob,edge,ev,decision,kelly,units,stake_1u,team_total,usage_index,opp_allow,result
HOU@NE_2026-01-18|Rhamondre Stevenson|rush_yds|39.5|OVER,HOU@NE_2026-01-18,2026-01-18,NE,HOU,1,-3,40.5,Rhamondre Stevenson,rush_yds,OVER,39.5,-114,0.5327102803738317,0.6370133980208905,0.1043031176470588,0.19579708049535582,BET,0.055802167941176414,2,114,21.75,15.9,109,1
LAR@CHI_2026-01-18|Kyren Williams|rush_yds|59.5|OVER,LAR@CHI_2026-01-18,2026-01-18,LAR,CHI,0,-3.5,48.5,Kyren Williams,rush_yds,OVER,59.5,-115,0.5348837209302325,0.6338888385772914,0.09900511764705888,0.18509652429667522,BET,0.05321525073529413,2,115,26,17.54,118,1
BUF@DEN_2026-01-17|RJ Harvey|rush_yds|55.5|OVER,BUF@DEN_2026-01-17,2026-01-17,DEN,BUF,1,-1.5,46,RJ Harvey,rush_yds,OVER,55.5,-114,0.5327102803738317,0.6289613980208905,0.09625111764705874,0.18068192260061888,BET,0.05149434794117638,2,114,23.75,12.760000000000002,112,0
BUF@DEN_2026-01-17|James Cook|rush_yds|76.5|OVER,BUF@DEN_2026-01-17,2026-01-17,BUF,DEN,0,1.5,46,James Cook,rush_yds,OVER,76.5,-107,0.5169082125603864,0.6100633302074452,0.09315511764705875,0.1802159752611323,BET,0.048207773382352895,2,107,22.25,15.54,118,1
SF@SEA_2026-01-17|Christian McCaffrey|rush_yds|52.5|OVER,SF@SEA_2026-01-17,2026-01-17,SF,SEA,0,7,45,Christian McCaffrey,rush_yds,OVER,52.5,-114,0.5327102803738317,0.6265073980208906,0.09379711764705889,0.17607529102167185,BET,0.05018145794117648,2,114,19,16.98,118,0
HOU@NE_2026-01-18|Drake Maye|rush_yds|35.5|OVER,HOU@NE_2026-01-18,2026-01-18,NE,HOU,1,-3,40.5,Drake Maye,rush_yds,OVER,35.5,-121,0.5475113122171946,0.6361184298642535,0.08860711764705886,0.16183614049586792,PASS,0.04895543250000004,0,121,21.75,7.18,109,NA
SF@SEA_2026-01-17|Kenneth Walker|rush_yds|59.5|OVER,SF@SEA_2026-01-17,2026-01-17,SEA,SF,1,-7,45,Kenneth Walker,rush_yds,OVER,59.5,-125,0.5555555555555556,0.6450206732026145,0.08946511764705889,0.1610372117647061,BET,0.05032412867647065,2,125,26,14.24,121,1
SF@SEA_2026-01-17|Zach Charbonnet|rush_yds|50.5|OVER,SF@SEA_2026-01-17,2026-01-17,SEA,SF,1,-7,45,Zach Charbonnet,rush_yds,OVER,50.5,-114,0.5327102803738317,0.6183233980208906,0.08561311764705892,0.16071234365325082,BET,0.045803017941176485,2,114,26,12.100000000000001,121,0
LAR@CHI_2026-01-18|D'Andre Swift|rush_yds|54.5|OVER,LAR@CHI_2026-01-18,2026-01-18,CHI,LAR,1,3.5,48.5,D'Andre Swift,rush_yds,OVER,54.5,-121,0.5475113122171946,0.6354164298642535,0.08790511764705888,0.16055397520661174,BET,0.04856757750000005,2,121,22.5,14.54,121,1
BUF@DEN_2026-01-17|Jaleel McLaughlin|rush_yds|21.5|OVER,BUF@DEN_2026-01-17,2026-01-17,DEN,BUF,1,-1.5,46,Jaleel McLaughlin,rush_yds,OVER,21.5,-114,0.5327102803738317,0.6176213980208904,0.08491111764705872,0.15939455417956627,PASS,0.04542744794117639,0,114,23.75,6.459999999999999,112,NA
HOU@NE_2026-01-18|CJ Stroud|rush_yds|10.5|OVER,HOU@NE_2026-01-18,2026-01-18,HOU,NE,0,3,40.5,CJ Stroud,rush_yds,OVER,10.5,-130,0.5652173913043478,0.6515445089514066,0.0863271176470588,0.15273259276018092,PASS,0.0496380926470588,0,130,18.75,3.58,104,NA
BUF@DEN_2026-01-17|Josh Allen|rush_yds|36.5|OVER,BUF@DEN_2026-01-17,2026-01-17,BUF,DEN,0,1.5,46,Josh Allen,rush_yds,OVER,36.5,-112,0.5283018867924528,0.6075970044395116,0.07929511764705877,0.15009432983193272,PASS,0.04202641235294116,0,112,22.25,7.84,118,NA
BUF@DEN_2026-01-17|Bo Nix|rush_yds|25.5|OVER,BUF@DEN_2026-01-17,2026-01-17,DEN,BUF,1,-1.5,46,Bo Nix,rush_yds,OVER,25.5,-124,0.5535714285714286,0.6355665462184874,0.0819951176470588,0.1481202125237191,PASS,0.045917265882352926,0,124,23.75,4.84,112,NA
LAR@CHI_2026-01-18|Caleb Williams|rush_yds|19.5|OVER,LAR@CHI_2026-01-18,2026-01-18,CHI,LAR,1,3.5,48.5,Caleb Williams,rush_yds,OVER,19.5,-121,0.5475113122171946,0.6199004298642534,0.0723891176470588,0.1322148347107439,PASS,0.03999498750000003,0,121,22.5,5.92,121,NA
SF@SEA_2026-01-17|Brock Purdy|rush_yds|18.5|OVER,SF@SEA_2026-01-17,2026-01-17,SF,SEA,0,7,45,Brock Purdy,rush_yds,OVER,18.5,-114,0.5327102803738317,0.6017393980208906,0.06902911764705888,0.12958097523219814,PASS,0.03693057794117647,0,114,19,3.2199999999999998,118,NA
SF@SEA_2026-01-17|Jaxon Smith-Njigba|rec_yds|94.5|OVER,SF@SEA_2026-01-17,2026-01-17,SEA,SF,1,-7,45,Jaxon Smith-Njigba,rec_yds,OVER,94.5,-114,0.5327102803738317,0.48665395684442,-0.04605632352941175,-0.0864566073271415,PASS,0,0,114,26,9.58,236,NA
SF@SEA_2026-01-17|Cooper Kupp|rec_yds|30.5|OVER,SF@SEA_2026-01-17,2026-01-17,SEA,SF,1,-7,45,Cooper Kupp,rec_yds,OVER,30.5,-124,0.5535714285714286,0.5024151050420169,-0.051156323529411685,-0.09241142314990497,PASS,0,0,124,26,6.18,236,NA
BUF@DEN_2026-01-17|Courtland Sutton|rec_yds|56.5|OVER,BUF@DEN_2026-01-17,2026-01-17,DEN,BUF,1,-1.5,46,Courtland Sutton,rec_yds,OVER,56.5,-114,0.5327102803738317,0.48306895684441997,-0.04964132352941175,-0.09318634416924676,PASS,0,0,114,23.75,8.54,236,NA
SF@SEA_2026-01-17|Christian McCaffrey|rec_yds|50.5|OVER,SF@SEA_2026-01-17,2026-01-17,SF,SEA,0,7,45,Christian McCaffrey,rec_yds,OVER,50.5,-118,0.5412844036697247,0.48972808014031305,-0.051556323529411696,-0.09524812313060815,PASS,0,0,118,19,6.779999999999999,231,NA
SF@SEA_2026-01-17|Jauan Jennings|rec_yds|40.5|OVER,SF@SEA_2026-01-17,2026-01-17,SF,SEA,0,7,45,Jauan Jennings,rec_yds,OVER,40.5,-114,0.5327102803738317,0.48016395684442,-0.05254632352941174,-0.09863958978328174,PASS,0,0,114,19,6.119999999999999,231,NA
BUF@DEN_2026-01-17|Troy Franklin|rec_yds|20.5|OVER,BUF@DEN_2026-01-17,2026-01-17,DEN,BUF,1,-1.5,46,Troy Franklin,rec_yds,OVER,20.5,-124,0.5535714285714286,0.49805010504201686,-0.05552132352941175,-0.10029658444022765,PASS,0,0,124,23.75,4.62,236,NA
LAR@CHI_2026-01-18|DJ Moore|rec_yds|27.5|OVER,LAR@CHI_2026-01-18,2026-01-18,CHI,LAR,1,3.5,48.5,DJ Moore,rec_yds,OVER,27.5,-114,0.5327102803738317,0.47850395684442,-0.05420632352941174,-0.10175573013415895,PASS,0,0,114,22.5,7.58,238,NA
LAR@CHI_2026-01-18|Davante Adams|rec_yds|55.5|OVER,LAR@CHI_2026-01-18,2026-01-18,LAR,CHI,0,-3.5,48.5,Davante Adams,rec_yds,OVER,55.5,-118,0.5412844036697247,0.485688080140313,-0.05559632352941174,-0.1027118519441676,PASS,0,0,118,26,9.22,245,NA
BUF@DEN_2026-01-17|Marvin Mims|rec_yds|13.5|OVER,BUF@DEN_2026-01-17,2026-01-17,DEN,BUF,1,-1.5,46,Marvin Mims,rec_yds,OVER,13.5,-117,0.5391705069124424,0.4830491833830306,-0.05612132352941179,-0.10408826671694327,PASS,0,0,117,23.75,4.22,236,NA
LAR@CHI_2026-01-18|Colston Loveland|rec_yds|56.5|OVER,LAR@CHI_2026-01-18,2026-01-18,CHI,LAR,1,3.5,48.5,Colston Loveland,rec_yds,OVER,56.5,-114,0.5327102803738317,0.47646395684441994,-0.05624632352941178,-0.10558520381836956,PASS,0,0,114,22.5,6.22,238,NA
BUF@DEN_2026-01-17|Khalil Shakir|rec_yds|53.5|OVER,BUF@DEN_2026-01-17,2026-01-17,BUF,DEN,0,1.5,46,Khalil Shakir,rec_yds,OVER,53.5,-114,0.5327102803738317,0.47548895684442,-0.05722132352941173,-0.1074154669762642,PASS,0,0,114,22.25,7.72,241,NA
BUF@DEN_2026-01-17|Dalton Kincaid|rec_yds|35.5|OVER,BUF@DEN_2026-01-17,2026-01-17,BUF,DEN,0,1.5,46,Dalton Kincaid,rec_yds,OVER,35.5,-122,0.5495495495495496,0.49037822602013786,-0.059171323529411735,-0.10767240838958514,PASS,0,0,122,22.25,6.42,241,NA
HOU@NE_2026-01-18|Christian Kirk|rec_yds|38.5|OVER,HOU@NE_2026-01-18,2026-01-18,HOU,NE,0,3,40.5,Christian Kirk,rec_yds,OVER,38.5,-115,0.5348837209302325,0.47276239740082077,-0.06212132352941174,-0.11613986572890028,PASS,0,0,115,18.75,7.22,242,NA
LAR@CHI_2026-01-18|Colby Parkinson|rec_yds|19.5|OVER,LAR@CHI_2026-01-18,2026-01-18,LAR,CHI,0,-3.5,48.5,Colby Parkinson,rec_yds,OVER,19.5,-114,0.5327102803738317,0.47021395684441997,-0.06249632352941176,-0.11731765995872051,PASS,0,0,114,26,4.62,245,NA
HOU@NE_2026-01-18|Dalton Schultz|rec_yds|45.5|OVER,HOU@NE_2026-01-18,2026-01-18,HOU,NE,0,3,40.5,Dalton Schultz,rec_yds,OVER,45.5,-114,0.5327102803738317,0.46887895684442,-0.06383132352941173,-0.11982371259029928,PASS,0,0,114,18.75,6.08,242,NA
BUF@DEN_2026-01-17|James Cook|rec_yds|15.5|OVER,BUF@DEN_2026-01-17,2026-01-17,BUF,DEN,0,1.5,46,James Cook,rec_yds,OVER,15.5,-109,0.5215311004784688,0.45839977694905704,-0.06313132352941181,-0.1210499689692392,PASS,0,0,109,22.25,3.7800000000000002,241,NA
HOU@NE_2026-01-18|Stefon Diggs|rec_yds|49.5|OVER,HOU@NE_2026-01-18,2026-01-18,NE,HOU,1,-3,40.5,Stefon Diggs,rec_yds,OVER,49.5,-106,0.5145631067961165,0.4520817832667047,-0.062481323529411825,-0.12142596836847958,PASS,0,0,106,21.75,9.18,248,NA
HOU@NE_2026-01-18|Demario Douglas|rec_yds|18.5|OVER,HOU@NE_2026-01-18,2026-01-18,NE,HOU,1,-3,40.5,Demario Douglas,rec_yds,OVER,18.5,-118,0.5412844036697247,0.47430308014031297,-0.06698132352941177,-0.12374515702891337,PASS,0,0,118,21.75,6.18,248,NA
HOU@NE_2026-01-18|Hunter Henry|rec_yds|37.5|OVER,HOU@NE_2026-01-18,2026-01-18,NE,HOU,1,-3,40.5,Hunter Henry,rec_yds,OVER,37.5,-114,0.5327102803738317,0.4651289568444199,-0.06758132352941182,-0.12686318627451004,PASS,0,0,114,21.75,5.78,248,NA
