game_id,date,team,opp,home,spread_team,total,player,prop_type,side,line,odds,result,l3_usage,season_usage,opp_allow
BUF@DEN_2026-01-17,2026-01-17,DEN,BUF,1,-1.5,46.0,Bo Nix,rush_yds,OVER,25.5,-124,,5.0,4.6,112
BUF@DEN_2026-01-17,2026-01-17,DEN,BUF,1,-1.5,46.0,Jaleel McLaughlin,rush_yds,OVER,21.5,-114,,6.7,6.1,112
BUF@DEN_2026-01-17,2026-01-17,BUF,DEN,0,1.5,46.0,James Cook,rush_yds,OVER,76.5,-107,,15.3,15.9,118
BUF@DEN_2026-01-17,2026-01-17,BUF,DEN,0,1.5,46.0,Josh Allen,rush_yds,OVER,36.5,-112,,8.0,7.6,118
BUF@DEN_2026-01-17,2026-01-17,DEN,BUF,1,-1.5,46.0,RJ Harvey,rush_yds,OVER,55.5,-114,,13.0,12.4,112
BUF@DEN_2026-01-17,2026-01-17,DEN,BUF,1,-1.5,46.0,Courtland Sutton,rec_yds,OVER,56.5,-114,,8.7,8.3,236
BUF@DEN_2026-01-17,2026-01-17,DEN,BUF,1,-1.5,46.0,Marvin Mims,rec_yds,OVER,13.5,-117,,4.3,4.1,236
BUF@DEN_2026-01-17,2026-01-17,DEN,BUF,1,-1.5,46.0,Troy Franklin,rec_yds,OVER,20.5,-124,,4.7,4.5,236
BUF@DEN_2026-01-17,2026-01-17,BUF,DEN,0,1.5,46.0,Khalil Shakir,rec_yds,OVER,53.5,-114,,7.6,7.9,241
BUF@DEN_2026-01-17,2026-01-17,BUF,DEN,0,1.5,46.0,Dalton Kincaid,rec_yds,OVER,35.5,-122,,6.3,6.6,241
BUF@DEN_2026-01-17,2026-01-17,BUF,DEN,0,1.5,46.0,James Cook,rec_yds,OVER,15.5,-109,,3.7,3.9,241
SF@SEA_2026-01-17,2026-01-17,SF,SEA,0,7.0,45.0,Brock Purdy,rush_yds,OVER,18.5,-114,,3.3,3.1,118
SF@SEA_2026-01-17,2026-01-17,SF,SEA,0,7.0,45.0,Christian McCaffrey,rush_yds,OVER,52.5,-114,,16.7,17.4,118
SF@SEA_2026-01-17,2026-01-17,SEA,SF,1,-7.0,45.0,Kenneth Walker,rush_yds,OVER,59.5,-125,,14.0,14.6,121
SF@SEA_2026-01-17,2026-01-17,SEA,SF,1,-7.0,45.0,Zach Charbonnet,rush_yds,OVER,50.5,-114,,12.3,11.8,121
SF@SEA_2026-01-17,2026-01-17,SEA,SF,1,-7.0,45.0,Jaxon Smith-Njigba,rec_yds,OVER,94.5,-114,,9.7,9.4,236
SF@SEA_2026-01-17,2026-01-17,SF,SEA,0,7.0,45.0,Christian McCaffrey,rec_yds,OVER,50.5,-118,,6.7,6.9,231
SF@SEA_2026-01-17,2026-01-17,SF,SEA,0,7.0,45.0,Jauan Jennings,rec_yds,OVER,40.5,-114,,6.0,6.3,231
SF@SEA_2026-01-17,2026-01-17,SEA,SF,1,-7.0,45.0,Cooper Kupp,rec_yds,OVER,30.5,-124,,6.3,6.0,236
HOU@NE_2026-01-18,2026-01-18,HOU,NE,0,3.0,40.5,CJ Stroud,rush_yds,OVER,10.5,-130,,3.7,3.4,104
HOU@NE_2026-01-18,2026-01-18,NE,HOU,1,-3.0,40.5,Drake Maye,rush_yds,OVER,35.5,-121,,7.3,7.0,109
HOU@NE_2026-01-18,2026-01-18,NE,HOU,1,-3.0,40.5,Rhamondre Stevenson,rush_yds,OVER,39.5,-114,,15.7,16.2,109
HOU@NE_2026-01-18,2026-01-18,HOU,NE,0,3.0,40.5,Christian Kirk,rec_yds,OVER,38.5,-115,,7.3,7.1,242
HOU@NE_2026-01-18,2026-01-18,HOU,NE,0,3.0,40.5,Dalton Schultz,rec_yds,OVER,45.5,-114,,6.0,6.2,242
HOU@NE_2026-01-18,2026-01-18,NE,HOU,1,-3.0,40.5,Demario Douglas,rec_yds,OVER,18.5,-118,,6.3,6.0,248
HOU@NE_2026-01-18,2026-01-18,NE,HOU,1,-3.0,40.5,Hunter Henry,rec_yds,OVER,37.5,-114,,5.7,5.9,248
HOU@NE_2026-01-18,2026-01-18,NE,HOU,1,-3.0,40.5,Stefon Diggs,rec_yds,OVER,49.5,-106,,9.3,9.0,248
LAR@CHI_2026-01-18,2026-01-18,LAR,CHI,0,-3.5,48.5,Kyren Williams,rush_yds,OVER,59.5,-115,,17.3,17.9,118
LAR@CHI_2026-01-18,2026-01-18,CHI,LAR,1,3.5,48.5,D'Andre Swift,rush_yds,OVER,54.5,-121,,14.7,14.3,121
LAR@CHI_2026-01-18,2026-01-18,CHI,LAR,1,3.5,48.5,Caleb Williams,rush_yds,OVER,19.5,-121,,6.0,5.8,121
LAR@CHI_2026-01-18,2026-01-18,LAR,CHI,0,-3.5,48.5,Davante Adams,rec_yds,OVER,55.5,-118,,9.3,9.1,245
LAR@CHI_2026-01-18,2026-01-18,CHI,LAR,1,3.5,48.5,DJ Moore,rec_yds,OVER,27.5,-114,,7.7,7.4,238
LAR@CHI_2026-01-18,2026-01-18,CHI,LAR,1,3.5,48.5,Colston Loveland,rec_yds,OVER,56.5,-114,,6.3,6.1,238
LAR@CHI_2026-01-18,2026-01-18,LAR,CHI,0,-3.5,48.5,Colby Parkinson,rec_yds,OVER,19.5,-114,,4.7,4.5,245



